5,0.033,1125,222.31,818.11,1422.1,216.84,813.45,1184.7,212.89,1049.7,1388.4,217.81,1061.6,1235.1,361.56,1106.7,1318,431.1,1031.9,1050.7,439.57,842.28,1007.7,474.76,913.28,764.3,417.39,835.45,794.87,328.09,808.88,690.88,340.01,832.8
6,0.042,1125.3,222.13,818.39,1422,216.65,813.37,1184.7,212.59,1049.9,1388.5,217.44,1061.5,1235.4,361.42,1106.9,1318.9,430.55,1031.9,1053.2,444.32,840.62,1010,479.25,911.89,767.17,418.19,834.64,798.87,329.11,808.69,694.31,340.52,831.99
7,0.05,1125.6,221.96,818.7,1422,216.44,813.27,1184.9,212.35,1050,1388.7,217.11,1061.5,1235.8,361.36,1107,1319.8,430,1031.9,1056.1,449.35,838.84,1012.7,484.03,910.36,770.47,419.12,833.62,803.35,330.23,808.34,698.23,341.12,831.14
8,0.058,1125.9,221.83,819.04,1421.9,216.22,813.12,1185.1,212.17,1050.1,1388.9,216.82,1061.4,1236.3,361.37,1107,1320.8,429.46,1031.9,1059.5,454.62,836.97,1015.7,489.07,908.69,774.22,420.14,832.38,808.32,331.45,807.84,702.66,341.8,830.24
9,0.067,1126.1,221.72,819.42,1421.8,215.99,812.95,1185.4,212.03,1050.2,1389.1,216.55,1061.2,1236.8,361.45,1107,1321.9,428.93,1031.7,1063.2,460.07,835.02,1019.1,494.31,906.89,778.45,421.24,830.95,813.76,332.76,807.2,707.6,342.54,829.32
10,0.075,1126.3,221.63,819.82,1421.7,215.77,812.75,1185.6,211.94,1050.3,1389.4,216.31,1061.1,1237.3,361.57,1107,1323,428.41,1031.6,1067.5,465.62,833,1022.7,499.68,904.97,783.14,422.4,829.37,819.66,334.12,806.47,713.03,343.32,828.38
11,0.083,1126.4,221.57,820.24,1421.6,215.55,812.52,1185.9,211.87,1050.4,1389.7,216.1,1060.9,1237.9,361.73,1107,1324.2,427.92,1031.4,1072.2,471.22,830.93,1026.7,505.11,902.92,788.28,423.57,827.69,825.99,335.52,805.67,718.92,344.14,827.42
12,0.092,1126.4,221.53,820.67,1421.6,215.35,812.27,1186.1,211.83,1050.5,1390.1,215.89,1060.7,1238.5,361.89,1106.9,1325.3,427.46,1031.3,1077.4,476.77,828.84,1031.1,510.52,900.77,793.86,424.74,825.95,832.72,336.91,804.85,725.24,344.95,826.43
13,0.1,1126.3,221.5,821.08,1421.5,215.17,812.01,1186.4,211.8,1050.6,1390.4,215.68,1060.5,1239.1,362.06,1106.9,1326.5,427.04,1031.1,1083.1,482.2,826.72,1035.7,515.83,898.51,799.85,425.88,824.18,839.8,338.28,804.01,731.94,345.74,825.4
14,0.108,1126.2,221.49,821.47,1421.5,214.99,811.74,1186.6,211.77,1050.7,1390.8,215.47,1060.4,1239.7,362.2,1106.9,1327.7,426.65,1031,1089.1,487.42,824.59,1040.7,520.99,896.17,806.23,426.96,822.39,847.2,339.6,803.17,738.99,346.5,824.3
15,0.117,1126.1,221.48,821.83,1421.5,214.83,811.47,1186.9,211.74,1050.8,1391.2,215.25,1060.2,1240.3,362.33,1106.9,1329,426.27,1031,1095.4,492.37,822.43,1045.9,525.96,893.75,812.95,427.98,820.56,854.86,340.85,802.27,746.35,347.22,823.12
16,0.125,1126,221.47,822.16,1421.5,214.67,811.21,1187.2,211.69,1050.9,1391.6,215.02,1060,1241,362.44,1106.9,1330.3,425.91,1031,1102,496.98,820.24,1051.4,530.68,891.26,819.97,428.92,818.67,862.76,342.02,801.29,753.97,347.88,821.89
17,0.133,1125.9,221.45,822.45,1421.5,214.5,810.97,1187.5,211.62,1051.1,1392.1,214.77,1059.8,1241.6,362.53,1106.9,1331.6,425.55,1031,1108.8,501.19,818.02,1057.2,535.11,888.71,827.24,429.8,816.69,870.83,343.12,800.17,761.8,348.5,820.62
18,0.142,1125.8,221.39,822.72,1421.5,214.33,810.74,1187.9,211.53,1051.2,1392.5,214.53,1059.6,1242.3,362.61,1106.9,1333,425.19,1031.1,1115.7,504.97,815.76,1063.1,539.2,886.08,834.7,430.62,814.62,878.99,344.13,798.88,769.77,349.08,819.36
19,0.15,1125.8,221.3,822.97,1421.7,214.16,810.53,1188.3,211.41,1051.3,1393,214.29,1059.5,1243,362.7,1106.9,1334.4,424.81,1031.2,1122.7,508.25,813.47,1069.2,542.92,883.36,842.27,431.35,812.48,887.14,345.04,797.44,777.79,349.61,818.18
20,0.158,1125.8,221.15,823.23,1421.8,213.97,810.32,1188.7,211.27,1051.5,1393.6,214.05,1059.3,1243.8,362.83,1106.9,1335.8,424.43,1031.4,1129.8,510.99,811.13,1075.4,546.22,880.54,849.85,432.01,810.35,895.16,345.84,795.9,785.76,350.1,817.11
21,0.167,1125.9,220.95,823.5,1422,213.77,810.1,1189.2,211.1,1051.7,1394.3,213.82,1059.2,1244.6,362.99,1106.9,1337.2,424.03,1031.5,1136.9,513.14,808.73,1081.7,549.11,877.61,857.35,432.58,808.29,902.97,346.5,794.35,793.58,350.53,816.2
22,0.175,1126.1,220.71,823.78,1422.2,213.56,809.88,1189.7,210.93,1051.8,1395,213.59,1059.1,1245.5,363.21,1106.9,1338.6,423.62,1031.5,1143.9,514.67,806.24,1088,551.56,874.55,864.67,433.04,806.38,910.45,347.01,792.89,801.16,350.9,815.44
23,0.183,1126.3,220.44,824.09,1422.5,213.34,809.63,1190.3,210.76,1052,1395.7,213.38,1058.9,1246.5,363.49,1106.8,1340,423.2,1031.4,1150.8,515.59,803.68,1094.2,553.6,871.39,871.74,433.38,804.69,917.56,347.35,791.59,808.43,351.19,814.83
24,0.192,1126.5,220.15,824.44,1422.8,213.11,809.37,1191,210.6,1052.1,1396.4,213.18,1058.8,1247.4,363.84,1106.8,1341.4,422.75,1031.3,1157.4,515.91,801.03,1100.4,555.27,868.14,878.5,433.61,803.23,924.28,347.54,790.48,815.36,351.4,814.38
25,0.2,1126.8,219.85,824.82,1423,212.87,809.09,1191.8,210.47,1052.3,1397.2,213,1058.6,1248.4,364.25,1106.6,1342.8,422.28,1031,1163.8,515.69,798.31,1106.5,556.62,864.83,884.96,433.76,802,930.63,347.61,789.57,821.95,351.55,814.05
26,0.208,1127.1,219.58,825.24,1423.3,212.63,808.77,1192.6,210.35,1052.4,1398,212.83,1058.4,1249.4,364.72,1106.5,1344.1,421.81,1030.7,1170,515.03,795.56,1112.5,557.7,861.51,891.13,433.83,800.98,936.66,347.59,788.83,828.23,351.64,813.85
27,0.217,1127.3,219.32,825.68,1423.6,212.4,808.43,1193.5,210.26,1052.4,1398.8,212.68,1058.1,1250.5,365.25,1106.4,1345.4,421.32,1030.2,1175.8,514.03,792.79,1118.3,558.59,858.2,897.05,433.86,800.14,942.43,347.51,788.23,834.23,351.69,813.75
28,0.225,1127.6,219.09,826.13,1423.8,212.18,808.04,1194.4,210.21,1052.5,1399.6,212.54,1057.9,1251.6,365.82,1106.2,1346.7,420.84,1029.7,1181.4,512.79,790.06,1124.1,559.35,854.95,902.78,433.87,799.44,948.02,347.4,787.76,840.02,351.7,813.72
29,0.233,1128,218.89,826.58,1424.1,211.99,807.62,1195.3,210.19,1052.5,1400.4,212.4,1057.5,1252.7,366.41,1106.1,1348,420.37,1029.1,1186.8,511.44,787.41,1129.8,560.02,851.79,908.37,433.86,798.86,953.49,347.28,787.38,845.66,351.68,813.72
30,0.242,1128.3,218.7,827.02,1424.4,211.82,807.15,1196.2,210.19,1052.5,1401.2,212.28,1057.2,1253.8,367,1106,1349.2,419.91,1028.5,1192,510.07,784.89,1135.4,560.66,848.75,913.86,433.84,798.34,958.92,347.15,787.04,851.21,351.64,813.72
31,0.25,1128.6,218.52,827.43,1424.8,211.68,806.65,1197.1,210.21,1052.5,1402.1,212.17,1056.8,1254.9,367.57,1105.8,1350.4,419.47,1027.9,1197.2,508.77,782.55,1141,561.29,845.88,919.3,433.8,797.84,964.37,347.05,786.71,856.73,351.57,813.69
32,0.258,1128.9,218.35,827.81,1425.1,211.57,806.12,1197.9,210.21,1052.5,1403,212.07,1056.4,1256,368.1,1105.7,1351.7,419.04,1027.3,1202.3,507.62,780.42,1146.5,561.94,843.2,924.74,433.74,797.32,969.86,346.96,786.35,862.26,351.48,813.61
33,0.267,1129.1,218.18,828.14,1425.4,211.48,805.58,1198.7,210.19,1052.4,1403.9,211.97,1056,1257.1,368.59,1105.7,1352.9,418.64,1026.8,1207.4,506.67,778.54,1152,562.62,840.75,930.21,433.67,796.77,975.43,346.88,785.96,867.83,351.35,813.47
34,0.275,1129.3,218.01,828.42,1425.7,211.43,805.04,1199.4,210.13,1052.3,1404.8,211.89,1055.6,1258.2,369.02,1105.6,1354.2,418.28,1026.3,1212.5,505.97,776.91,1157.3,563.33,838.54,935.71,433.58,796.18,981.06,346.82,785.54,873.45,351.18,813.26
35,0.283,1129.5,217.86,828.64,1426.1,211.39,804.52,1200.1,210.03,1052.2,1405.7,211.81,1055.2,1259.2,369.39,1105.5,1355.5,417.96,1026,1217.6,505.53,775.55,1162.5,564.05,836.59,941.25,433.46,795.57,986.75,346.75,785.11,879.11,350.99,813
36,0.292,1129.8,217.72,828.8,1426.4,211.38,804.02,1200.8,209.89,1052.1,1406.5,211.75,1054.9,1260.2,369.71,1105.4,1356.8,417.67,1025.8,1222.8,505.34,774.45,1167.6,564.77,834.89,946.83,433.32,794.94,992.48,346.68,784.68,884.81,350.78,812.71
37,0.3,1130.1,217.6,828.9,1426.7,211.38,803.57,1201.4,209.72,1052,1407.3,211.68,1054.6,1261.1,369.97,1105.4,1358.1,417.4,1025.7,1228,505.4,773.58,1172.4,565.48,833.43,952.42,433.16,794.33,998.23,346.61,784.28,890.54,350.54,812.42
38,0.308,1130.4,217.51,828.96,1427.1,211.38,803.17,1202,209.52,1052,1408,211.62,1054.3,1261.9,370.18,1105.3,1359.3,417.14,1025.6,1233.3,505.66,772.94,1177.1,566.17,832.2,958.01,432.99,793.78,1004,346.52,783.96,896.29,350.29,812.17
39,0.317,1130.8,217.44,828.98,1427.4,211.39,802.81,1202.5,209.32,1051.9,1408.6,211.55,1054,1262.7,370.33,1105.2,1360.5,416.86,1025.7,1238.6,506.08,772.49,1181.6,566.83,831.16,963.59,432.8,793.33,1009.8,346.42,783.75,902.05,350.03,812
40,0.325,1131.3,217.4,828.98,1427.8,211.4,802.5,1202.9,209.11,1051.8,1409.2,211.48,1053.7,1263.5,370.43,1105.1,1361.5,416.57,1025.7,1243.9,506.62,772.21,1186.1,567.46,830.29,969.12,432.6,793.02,1015.5,346.29,783.7,907.79,349.76,811.97
41,0.333,1131.7,217.4,828.99,1428.1,211.42,802.23,1203.3,208.91,1051.7,1409.7,211.41,1053.4,1264.1,370.49,1105,1362.5,416.26,1025.9,1249.2,507.22,772.07,1190.4,568.08,829.56,974.62,432.38,792.89,1021.2,346.14,783.84,913.52,349.48,812.11
42,0.342,1132.1,217.42,829.01,1428.5,211.44,802,1203.7,208.72,1051.7,1410.2,211.33,1053.1,1264.6,370.52,1105,1363.3,415.94,1026,1254.6,507.86,772.05,1194.8,568.68,828.95,980.08,432.15,792.95,1026.8,345.96,784.19,919.21,349.19,812.43
43,0.35,1132.5,217.46,829.05,1428.8,211.46,801.79,1203.9,208.53,1051.7,1410.6,211.27,1052.9,1265,370.53,1104.9,1364.1,415.62,1026.2,1259.8,508.47,772.1,1199.1,569.29,828.45,985.49,431.9,793.22,1032.4,345.78,784.75,924.85,348.9,812.95
44,0.358,1132.8,217.51,829.11,1429.1,211.49,801.62,1204.2,208.35,1051.6,1411,211.21,1052.7,1265.3,370.52,1104.9,1364.7,415.3,1026.4,1265,509.04,772.22,1203.4,569.9,828.04,990.85,431.63,793.7,1038,345.61,785.5,930.43,348.6,813.64
45,0.367,1133.1,217.54,829.17,1429.4,211.51,801.48,1204.4,208.17,1051.6,1411.3,211.18,1052.6,1265.5,370.52,1104.9,1365.3,415,1026.6,1270,509.53,772.38,1207.8,570.52,827.72,996.17,431.36,794.36,1043.5,345.44,786.41,935.94,348.3,814.49
46,0.375,1133.3,217.55,829.22,1429.6,211.54,801.38,1204.5,207.99,1051.7,1411.5,211.16,1052.5,1265.5,370.51,1104.9,1365.9,414.73,1026.9,1274.9,509.94,772.59,1212.2,571.15,827.48,1001.4,431.09,795.16,1049,345.3,787.46,941.4,347.98,815.45
47,0.383,1133.5,217.53,829.27,1429.8,211.57,801.33,1204.6,207.81,1051.7,1411.7,211.16,1052.5,1265.5,370.52,1104.9,1366.4,414.48,1027.2,1279.7,510.26,772.85,1216.6,571.81,827.33,1006.7,430.84,796.08,1054.5,345.2,788.6,946.79,347.67,816.47
48,0.392,1133.7,217.47,829.3,1430.1,211.61,801.32,1204.7,207.65,1051.8,1411.9,211.17,1052.6,1265.5,370.54,1104.9,1367,414.27,1027.5,1284.5,510.52,773.17,1221,572.48,827.27,1011.8,430.6,797.06,1060,345.13,789.78,952.13,347.37,817.51
49,0.4,1133.9,217.38,829.32,1430.2,211.64,801.36,1204.8,207.5,1051.8,1412,211.19,1052.6,1265.4,370.58,1104.9,1367.6,414.09,1027.9,1289.2,510.73,773.57,1225.5,573.18,827.31,1017,430.41,798.05,1065.4,345.1,790.99,957.42,347.08,818.52
50,0.408,1134.1,217.27,829.33,1430.4,211.66,801.43,1204.9,207.38,1051.9,1412,211.22,1052.8,1265.3,370.64,1104.9,1368.3,413.94,1028.4,1293.9,510.94,774.07,1230,573.9,827.43,1022.1,430.25,799.01,1070.9,345.11,792.18,962.69,346.83,819.45
51,0.417,1134.2,217.14,829.34,1430.5,211.68,801.53,1204.9,207.28,1052,1412,211.26,1052.9,1265.3,370.7,1105,1369,413.81,1028.9,1298.6,511.16,774.7,1234.5,574.64,827.66,1027.3,430.15,799.9,1076.3,345.16,793.32,967.95,346.62,820.28
52,0.425,1134.4,216.99,829.36,1430.6,211.69,801.63,1205,207.19,1052.1,1412,211.29,1053.1,1265.2,370.77,1105,1369.8,413.69,1029.5,1303.3,511.45,775.48,1239,575.41,827.99,1032.5,430.09,800.7,1081.8,345.24,794.41,973.22,346.47,820.99
53,0.433,1134.6,216.83,829.38,1430.7,211.69,801.74,1205,207.11,1052.1,1412,211.33,1053.3,1265.2,370.83,1105.1,1370.6,413.58,1030.1,1308.2,511.82,776.43,1243.5,576.19,828.43,1037.7,430.09,801.38,1087.3,345.36,795.41,978.54,346.37,821.57
54,0.442,1134.8,216.67,829.43,1430.7,211.68,801.84,1205,207.02,1052.2,1411.9,211.36,1053.5,1265.1,370.89,1105.1,1371.4,413.45,1030.8,1313.1,512.28,777.53,1248,576.99,828.98,1042.9,430.12,801.95,1092.8,345.5,796.33,983.92,346.34,822.03
55,0.45,1135,216.49,829.49,1430.8,211.67,801.93,1204.9,206.93,1052.2,1411.8,211.4,1053.7,1265,370.94,1105.1,1372.2,413.3,1031.5,1318.1,512.83,778.79,1252.6,577.8,829.62,1048.3,430.21,802.41,1098.3,345.66,797.16,989.35,346.38,822.37
56,0.458,1135.1,216.32,829.58,1430.8,211.65,802,1204.9,206.81,1052.2,1411.6,211.44,1053.9,1264.9,371,1105.1,1373,413.11,1032.1,1323.1,513.48,780.19,1257.1,578.61,830.35,1053.6,430.33,802.75,1103.9,345.85,797.9,994.84,346.47,822.62
57,0.467,1135.3,216.16,829.7,1430.8,211.63,802.05,1204.8,206.67,1052.3,1411.5,211.49,1054,1264.8,371.05,1105,1373.6,412.87,1032.7,1328.3,514.21,781.72,1261.6,579.42,831.14,1059,430.5,803,1109.5,346.08,798.56,1000.4,346.6,822.79
58,0.475,1135.4,216.01,829.83,1430.8,211.61,802.07,1204.6,206.51,1052.3,1411.4,211.54,1054.1,1264.6,371.12,1104.9,1374.3,412.6,1033.2,1333.5,515,783.35,1266.1,580.22,831.99,1064.5,430.7,803.19,1115.2,346.35,799.17,1005.9,346.79,822.89
59,0.483,1135.5,215.88,829.98,1430.7,211.6,802.08,1204.4,206.33,1052.3,1411.3,211.6,1054.2,1264.4,371.2,1104.8,1374.8,412.3,1033.7,1338.8,515.83,785.08,1270.6,581.01,832.9,1070,430.94,803.34,1120.9,346.66,799.73,1011.5,347,822.94
60,0.492,1135.5,215.76,830.12,1430.7,211.58,802.07,1204.2,206.16,1052.3,1411.2,211.66,1054.2,1264.2,371.3,1104.6,1375.4,411.98,1034.1,1344.1,516.66,786.89,1275.1,581.79,833.86,1075.5,431.22,803.47,1126.6,347.02,800.28,1017.1,347.25,822.95
61,0.5,1135.4,215.67,830.26,1430.6,211.56,802.04,1203.9,206.01,1052.3,1411.1,211.71,1054.2,1264,371.42,1104.4,1375.9,411.66,1034.5,1349.4,517.46,788.76,1279.7,582.55,834.88,1080.9,431.53,803.59,1132.3,347.42,800.84,1022.6,347.54,822.93
62,0.508,1135.3,215.61,830.37,1430.5,211.55,802,1203.7,205.91,1052.3,1411,211.76,1054.2,1263.8,371.56,1104.2,1376.3,411.34,1034.9,1354.7,518.23,790.7,1284.3,583.3,835.97,1086.5,431.86,803.72,1138,347.87,801.42,1028.2,347.85,822.88
63,0.517,1135.1,215.59,830.46,1430.3,211.54,801.95,1203.5,205.87,1052.2,1410.8,211.79,1054.2,1263.5,371.71,1103.9,1376.8,411,1035.3,1360,518.94,792.71,1288.9,584.03,837.15,1092,432.2,803.88,1143.8,348.34,802.04,1033.8,348.2,822.84
64,0.525,1134.9,215.61,830.51,1430.2,211.52,801.9,1203.2,205.86,1052.1,1410.6,211.83,1054.1,1263.2,371.89,1103.7,1377.2,410.65,1035.7,1365.4,519.59,794.8,1293.6,584.74,838.43,1097.5,432.53,804.05,1149.5,348.84,802.7,1039.3,348.56,822.79
65,0.533,1134.7,215.69,830.51,1430,211.51,801.85,1202.9,205.88,1052,1410.4,211.87,1054.1,1262.9,372.07,1103.4,1377.7,410.29,1036.1,1370.6,520.19,796.97,1298.3,585.44,839.81,1103,432.84,804.25,1155.2,349.33,803.41,1044.9,348.93,822.76
66,0.542,1134.4,215.82,830.46,1429.8,211.51,801.82,1202.6,205.91,1051.8,1410.1,211.91,1054.1,1262.6,372.28,1103.2,1378.1,409.92,1036.7,1375.9,520.74,799.25,1303,586.12,841.31,1108.5,433.13,804.49,1160.9,349.82,804.18,1050.4,349.29,822.75
67,0.55,1134.2,216,830.37,1429.6,211.53,801.81,1202.3,205.94,1051.6,1409.7,211.97,1054.2,1262.2,372.49,1102.9,1378.6,409.52,1037.2,1381.1,521.25,801.66,1307.8,586.79,842.93,1114,433.4,804.78,1166.5,350.28,805.03,1055.8,349.63,822.75
68,0.558,1133.9,216.22,830.24,1429.4,211.56,801.83,1201.9,205.98,1051.4,1409.3,212.04,1054.2,1261.8,372.71,1102.7,1379,409.09,1037.9,1386.2,521.72,804.21,1312.5,587.43,844.66,1119.4,433.66,805.13,1172.1,350.7,805.96,1061.3,349.95,822.79
69,0.567,1133.7,216.47,830.07,1429.3,211.62,801.9,1201.4,206.04,1051.2,1408.7,212.11,1054.3,1261.3,372.93,1102.5,1379.3,408.63,1038.6,1391.3,522.17,806.93,1317.1,588.06,846.5,1124.8,433.91,805.55,1177.5,351.05,806.99,1066.6,350.22,822.85
70,0.575,1133.5,216.73,829.86,1429.1,211.69,802.03,1200.8,206.1,1050.9,1408.1,212.18,1054.5,1260.7,373.14,1102.3,1379.6,408.16,1039.4,1396.2,522.62,809.82,1321.6,588.67,848.44,1130.1,434.14,806.03,1182.8,351.33,808.14,1072,350.46,822.93
71,0.583,1133.4,216.99,829.62,1429.1,211.77,802.22,1200.2,206.19,1050.7,1407.5,212.23,1054.7,1260,373.34,1102.1,1379.9,407.66,1040.4,1401.1,523.08,812.88,1326,589.27,850.48,1135.3,434.37,806.57,1187.9,351.51,809.41,1077.2,350.65,823.03
72,0.592,1133.3,217.25,829.33,1429,211.87,802.48,1199.5,206.31,1050.4,1406.7,212.27,1054.9,1259.3,373.52,1101.9,1380,407.15,1041.4,1405.9,523.55,816.11,1330.3,589.86,852.6,1140.4,434.58,807.16,1192.8,351.6,810.8,1082.3,350.81,823.13
73,0.6,1133.3,217.5,829,1429,211.98,802.8,1198.8,206.46,1050.2,1405.9,212.29,1055.2,1258.6,373.68,1101.8,1380.2,406.63,1042.5,1410.5,524.06,819.49,1334.4,590.45,854.79,1145.3,434.78,807.78,1197.5,351.62,812.29,1087.4,350.94,823.23
74,0.608,1133.3,217.74,828.65,1429.1,212.1,803.18,1198.1,206.65,1049.9,1405.1,212.3,1055.5,1257.7,373.83,1101.7,1380.2,406.1,1043.7,1414.9,524.61,822.98,1338.3,591.06,857.05,1150.1,434.97,808.4,1201.9,351.6,813.83,1092.3,351.05,823.32
75,0.617,1133.3,217.98,828.29,1429.2,212.21,803.62,1197.3,206.87,1049.5,1404.2,212.29,1055.9,1256.8,373.96,1101.5,1380.3,405.57,1045,1419,525.2,826.54,1342,591.67,859.34,1154.7,435.16,809.01,1206.1,351.55,815.37,1097,351.14,823.42
76,0.625,1133.3,218.22,827.95,1429.3,212.32,804.1,1196.6,207.1,1049.1,1403.3,212.29,1056.3,1255.9,374.05,1101.4,1380.2,405.03,1046.3,1422.9,525.84,830.12,1345.4,592.3,861.64,1159.1,435.33,809.6,1210,351.52,816.86,1101.4,351.22,823.52
77,0.633,1133.3,218.44,827.64,1429.4,212.42,804.62,1195.8,207.33,1048.7,1402.4,212.29,1056.7,1254.9,374.12,1101.2,1380.1,404.48,1047.6,1426.6,526.5,833.66,1348.6,592.91,863.9,1163.3,435.5,810.15,1213.8,351.51,818.25,1105.7,351.28,823.64
78,0.642,1133.3,218.65,827.37,1429.6,212.5,805.17,1194.9,207.56,1048.3,1401.5,212.3,1057.3,1253.9,374.16,1101.1,1380,403.94,1048.9,1429.8,527.17,837.07,1351.4,593.52,866.07,1167.2,435.65,810.67,1217.2,351.53,819.52,1109.5,351.33,823.78
79,0.65,1133.2,218.85,827.13,1429.8,212.57,805.75,1194.1,207.78,1047.9,1400.6,212.31,1057.8,1253,374.18,1101,1379.7,403.41,1050.2,1432.7,527.82,840.29,1353.9,594.09,868.1,1170.7,435.78,811.17,1220.5,351.57,820.65,1113,351.37,823.93
80,0.658,1133.2,219.03,826.9,1430.1,212.62,806.34,1193.3,207.98,1047.5,1399.8,212.33,1058.4,1252,374.19,1100.8,1379.4,402.91,1051.4,1435.2,528.42,843.24,1356.1,594.63,869.94,1173.8,435.88,811.64,1223.4,351.64,821.66,1116,351.39,824.11
81,0.667,1133.3,219.18,826.66,1430.3,212.66,806.94,1192.4,208.16,1047,1399,212.36,1059,1251,374.2,1100.7,1378.9,402.47,1052.5,1437.3,528.96,845.85,1357.8,595.1,871.54,1176.5,435.96,812.09,1225.9,351.72,822.53,1118.6,351.38,824.31
82,0.675,1133.5,219.3,826.41,1430.6,212.7,807.54,1191.6,208.31,1046.6,1398.2,212.4,1059.6,1250.1,374.21,1100.6,1378.4,402.1,1053.5,1438.9,529.41,848.07,1359.2,595.52,872.87,1178.6,436.02,812.54,1228,351.84,823.3,1120.6,351.36,824.5
83,0.683,1133.7,219.36,826.15,1431,212.74,808.13,1190.9,208.43,1046.2,1397.4,212.46,1060.1,1249.2,374.23,1100.4,1377.8,401.84,1054.3,1440,529.8,849.86,1360.1,595.87,873.92,1180.1,436.05,812.96,1229.4,351.97,823.95,1122,351.33,824.68
84,0.692,1134,219.39,825.88,1431.3,212.78,808.69,1190.2,208.52,1045.8,1396.7,212.54,1060.6,1248.3,374.25,1100.3,1377.2,401.71,1054.9,1440.7,530.15,851.19,1360.5,596.17,874.68,1181.1,436.07,813.34,1230.4,352.11,824.48,1123,351.28,824.8
85,0.7,1134.4,219.39,825.63,1431.7,212.84,809.21,1189.6,208.58,1045.4,1396.1,212.63,1061.1,1247.5,374.27,1100.1,1376.5,401.7,1055.4,1440.9,530.49,852.07,1360.6,596.45,875.17,1181.6,436.09,813.63,1230.7,352.26,824.89,1123.4,351.25,824.86
86,0.708,1134.7,219.4,825.4,1432.1,212.92,809.66,1189.1,208.6,1045.1,1395.5,212.73,1061.4,1246.8,374.28,1099.9,1375.8,401.83,1055.7,1440.7,530.86,852.55,1360.2,596.74,875.44,1181.6,436.1,813.81,1230.5,352.39,825.14,1123.4,351.24,824.82
87,0.717,1134.9,219.44,825.18,1432.5,213.01,810.03,1188.5,208.62,1044.8,1395,212.83,1061.7,1246.1,374.27,1099.8,1375.1,402.09,1055.7,1440.1,531.29,852.66,1359.4,597.05,875.51,1181.2,436.12,813.85,1229.8,352.52,825.24,1123.1,351.25,824.67
88,0.725,1135.1,219.51,824.94,1432.9,213.13,810.3,1188.1,208.63,1044.5,1394.6,212.95,1061.8,1245.5,374.24,1099.6,1374.5,402.44,1055.6,1439.2,531.82,852.48,1358.3,597.42,875.45,1180.4,436.16,813.76,1228.8,352.64,825.17,1122.4,351.29,824.41
89,0.733,1135.2,219.62,824.66,1433.2,213.28,810.46,1187.6,208.65,1044.3,1394.2,213.06,1061.8,1245,374.21,1099.5,1373.9,402.88,1055.4,1437.9,532.47,852.07,1357,597.86,875.28,1179.4,436.21,813.52,1227.6,352.78,824.95,1121.5,351.35,824.06
90,0.742,1135.1,219.75,824.3,1433.5,213.43,810.5,1187.2,208.69,1044.1,1393.9,213.18,1061.7,1244.6,374.18,1099.4,1373.4,403.36,1054.9,1436.4,533.23,851.49,1355.4,598.37,875.05,1178.1,436.29,813.17,1226.2,352.94,824.59,1120.4,351.42,823.62
91,0.75,1135.1,219.88,823.87,1433.7,213.6,810.44,1186.8,208.75,1043.9,1393.6,213.3,1061.5,1244.3,374.15,1099.2,1372.8,403.86,1054.4,1434.7,534.11,850.79,1353.5,598.96,874.79,1176.6,436.4,812.73,1224.8,353.16,824.1,1119.1,351.51,823.14
92,0.758,1135,220,823.36,1433.8,213.75,810.31,1186.5,208.83,1043.7,1393.3,213.42,1061.2,1244.2,374.13,1099.2,1372.3,404.36,1053.8,1432.8,535.08,850.02,1351.5,599.6,874.5,1174.9,436.54,812.23,1223.5,353.45,823.54,1117.7,351.6,822.64
93,0.767,1135,220.12,822.79,1433.8,213.89,810.11,1186.3,208.93,1043.5,1393.1,213.52,1060.9,1244,374.1,1099.1,1371.8,404.86,1053.1,1430.7,536.13,849.2,1349.3,600.28,874.2,1173.1,436.68,811.69,1222.3,353.81,822.96,1116.2,351.69,822.15
94,0.775,1135,220.23,822.17,1433.8,214,809.89,1186,209.04,1043.3,1392.9,213.6,1060.5,1243.9,374.07,1099.1,1371.3,405.36,1052.4,1428.5,537.23,848.31,1346.9,600.98,873.87,1171.1,436.84,811.16,1221.1,354.23,822.4,1114.5,351.79,821.69
95,0.783,1135,220.32,821.51,1433.7,214.08,809.66,1185.8,209.16,1043.2,1392.7,213.67,1060.2,1243.8,374.03,1099,1370.8,405.84,1051.7,1426.1,538.33,847.34,1344.5,601.68,873.51,1169,436.99,810.66,1219.9,354.71,821.92,1112.6,351.89,821.27
96,0.792,1135.1,220.41,820.84,1433.5,214.11,809.45,1185.6,209.29,1043.1,1392.6,213.72,1059.9,1243.7,374.01,1099.1,1370.2,406.33,1051,1423.6,539.42,846.27,1341.8,602.36,873.09,1166.6,437.13,810.23,1218.6,355.21,821.54,1110.6,351.98,820.92
97,0.8,1135.2,220.49,820.17,1433.3,214.11,809.25,1185.4,209.42,1043,1392.4,213.77,1059.6,1243.6,374,1099.1,1369.7,406.82,1050.3,1420.9,540.46,845.06,1339,603.01,872.58,1164.1,437.25,809.86,1217,355.72,821.24,1108.3,352.05,820.66
98,0.808,1135.3,220.56,819.52,1433.1,214.07,809.11,1185.2,209.54,1043,1392.2,213.83,1059.4,1243.5,374.01,1099.2,1369.1,407.32,1049.7,1418,541.43,843.67,1336.1,603.61,871.98,1161.3,437.35,809.57,1215.3,356.2,821.02,1105.8,352.1,820.5
99,0.817,1135.4,220.62,818.91,1432.8,214.01,809.01,1185,209.65,1043,1392.1,213.9,1059.3,1243.4,374.05,1099.3,1368.6,407.85,1049.1,1414.8,542.31,842.07,1333,604.15,871.26,1158.2,437.4,809.36,1213.2,356.62,820.81,1103,352.12,820.46
100,0.825,1135.6,220.66,818.36,1432.5,213.94,808.97,1184.7,209.76,1043.1,1392,214,1059.3,1243.3,374.11,1099.4,1368,408.4,1048.5,1411.4,543.1,840.24,1329.7,604.63,870.39,1154.9,437.42,809.2,1210.7,356.98,820.59,1099.9,352.12,820.55
101,0.833,1135.7,220.69,817.89,1432.2,213.87,808.98,1184.6,209.85,1043.3,1391.8,214.11,1059.3,1243.3,374.19,1099.6,1367.4,408.98,1047.9,1407.7,543.78,838.17,1326.2,605.04,869.39,1151.3,437.41,809.11,1207.8,357.25,820.31,1096.5,352.1,820.78
102,0.842,1135.8,220.72,817.54,1431.8,213.8,809.01,1184.4,209.93,1043.5,1391.7,214.26,1059.3,1243.3,374.3,1099.7,1366.8,409.57,1047.3,1403.7,544.35,835.86,1322.5,605.37,868.23,1147.4,437.36,809.08,1204.4,357.42,819.95,1092.8,352.06,821.14
103,0.85,1135.8,220.74,817.33,1431.5,213.74,809.07,1184.3,210,1043.7,1391.7,214.43,1059.3,1243.4,374.43,1099.9,1366.2,410.17,1046.7,1399.4,544.81,833.3,1318.6,605.62,866.93,1143.1,437.31,809.1,1200.5,357.5,819.48,1088.7,352.02,821.62
104,0.858,1135.8,220.77,817.29,1431.2,213.71,809.12,1184.3,210.08,1043.9,1391.7,214.61,1059.3,1243.5,374.58,1100.1,1365.6,410.77,1046.1,1394.8,545.15,830.5,1314.4,605.78,865.48,1138.4,437.25,809.16,1196.1,357.52,818.88,1084.2,351.99,822.19
105,0.867,1135.7,220.8,817.43,1430.8,213.72,809.15,1184.4,210.17,1044.2,1391.7,214.81,1059.2,1243.7,374.74,1100.3,1364.9,411.38,1045.4,1389.8,545.36,827.48,1309.9,605.85,863.91,1133.2,437.2,809.25,1191.2,357.48,818.18,1079.2,351.97,822.82
106,0.875,1135.6,220.84,817.74,1430.5,213.77,809.15,1184.6,210.27,1044.4,1391.8,215,1059.2,1244,374.92,1100.5,1364.3,411.99,1044.6,1384.4,545.46,824.25,1305.2,605.82,862.21,1127.7,437.16,809.35,1185.8,357.38,817.39,1073.9,351.97,823.46
